Year,Month,Monthly Commits
2001,December,8
2002,January,117
2002,February,39
2002,March,23
2002,April,55
2002,May,17
2002,June,15
2002,July,7
2002,August,14
2002,September,59
2002,October,40
2002,November,17
2002,December,5
2003,January,14
2003,February,21
2003,March,34
2003,April,5
2003,May,5
2003,June,2
2003,August,9
2003,September,27
2003,October,38
2003,November,12
2003,December,15
2004,January,18
2004,February,73
2004,March,50
2004,April,34
2004,May,33
2004,June,16
2004,August,2
2004,September,20
2004,October,28
2004,November,38
2004,December,10
2005,January,12
2005,February,1
2005,March,12
2005,April,1
2005,May,4
2005,June,4
2005,July,3
2005,August,8
2005,September,143
2005,October,255
2005,November,134
2005,December,199
2006,January,266
2006,February,138
2006,March,136
2006,April,137
2006,May,86
2006,June,154
2006,July,209
2006,August,147
2006,September,135
2006,October,179
2006,November,41
2006,December,26
2007,January,33
2007,February,41
2007,March,60
2007,April,90
2007,May,112
2007,June,24
2007,July,61
2007,August,50
2007,September,67
2007,October,35
2007,November,34
2007,December,100
2008,January,85
2008,February,66
2008,March,115
2008,April,164
2008,May,100
2008,June,71
2008,July,165
2008,August,119
2008,September,116
2008,October,55
2008,November,142
2008,December,150
2009,January,49
2009,February,160
2009,March,243
2009,April,103
2009,May,72
2009,June,56
2009,July,183
2009,August,82
2009,September,71
2009,October,190
2009,November,178
2009,December,190
2010,January,40
2010,February,175
2010,March,40
2010,April,41
2010,May,74
2010,June,18
2010,July,63
2010,August,50
2010,September,42
2010,October,56
2010,November,48
2010,December,74
2011,January,133
2011,February,40
2011,March,186
2011,April,96
2011,May,51
2011,June,160
2011,July,147
2011,August,207
2011,September,45
2011,October,26
2011,November,5
2011,December,45
2012,January,50
2012,February,97
2012,March,72
2012,April,54
2012,May,71
2012,June,68
2012,July,107
2012,August,38
2012,September,90
2012,October,78
2012,November,122
2012,December,101
2013,January,127
2013,February,89
2013,March,88
2013,April,181
2013,May,165
2013,June,156
2013,July,100
2013,August,152
2013,September,170
2013,October,176
2013,November,84
2013,December,79
2014,January,123
2014,February,165
2014,March,243
2014,April,76
2014,May,132
2014,June,81
2014,July,125
2014,August,83
2014,September,123
2014,October,100
2014,November,85
2014,December,63
2015,January,118
2015,February,98
2015,March,103
2015,April,71
2015,May,99
2015,June,134
2015,July,95
2015,August,149
2015,September,86
2015,October,187
2015,November,97
2015,December,164
2016,January,259
2016,February,184
2016,March,95
2016,April,56
2016,May,88
2016,June,83
2016,July,45
2016,August,67
2016,September,101
2016,October,110
2016,November,84
2016,December,91
2017,January,106
2017,February,170
2017,March,195
2017,April,193
2017,May,148
2017,June,117
2017,July,138
2017,August,128
2017,September,177
2017,October,138
2017,November,197
2017,December,183
2018,January,154
2018,February,126
2018,March,210
2018,April,213
2018,May,188
2018,June,238
2018,July,167
2018,August,148
2018,September,260
2018,October,266
2018,November,165
2018,December,177
2019,January,180
2019,February,123
2019,March,169
2019,April,208
2019,May,249
2019,June,222
2019,July,275
2019,August,205
2019,September,238
2019,October,223
2019,November,147
2019,December,153
2020,January,345
2020,February,167
2020,March,172
2020,April,158
2020,May,347
2020,June,295
2020,July,252
2020,August,279
2020,September,309
2020,October,395
2020,November,272
2020,December,279
2021,January,260
2021,February,351
2021,March,261
2021,April,256
2021,May,411
2021,June,296
2021,July,314
2021,August,254
2021,September,321
2021,October,319
2021,November,310
2021,December,207
2022,January,324
2022,February,208
2022,March,173
2022,April,132
2022,May,246
2022,June,318
2022,July,164
2022,August,115
2022,September,156
2022,October,202
2022,November,242
2022,December,219
2023,January,264
2023,February,254
2023,March,237
2023,April,248
2023,May,243
2023,June,341
2023,July,345
2023,August,330
2023,September,229
2023,October,268
2023,November,337
2023,December,325
2024,January,260
2024,February,299
2024,March,312
2024,April,197
2024,May,260
2024,June,304
2024,July,359
2024,August,267
2024,September,191
2024,October,207
2024,November,207
2024,December,191
2025,January,203
2025,February,139
2025,March,236
2025,April,286
2025,May,317
2025,June,125
2025,July,130
2025,August,147
2025,September,183
2025,October,367
2025,November,191
2025,December,187
